Workbook

Sheet Laporan Stok Opname
B2: PT BESMART INDONESIA GEMILANG
B3: Distributor Pengemasan Makanan | Cabang Tangerang
B5: LAPORAN STOK & STOCK OPNAME
B7: Periode | D7: 1 - 8 September 2026 | J7: Disusun Oleh | K7: Rizky Faisal Rafi
B8: Lokasi Gudang | D8: Gudang Tangerang - Legok | J8: Tanggal Cetak | K8: 46274
B10: No. | C10: Kode SKU | D10: Nama Barang | E10: Saldo Awal | F10: Mutasi Barang | H10: Hasil Stock Opname | K10: Keterangan
F11: Masuk | G11: Keluar | H11: Sistem | I11: Fisik | J11: Selisih
B12: 1 | C12: BX-KR-500 | D12: =_xlfn.XLOOKUP(C12,'Master Data'!$C$5:$C$10,'Master Data'!$D$5:$D$10," ") -> Box Kraft 500ml | E12: =_xlfn.XLOOKUP(C12,'Master Data'!$C$5:$C$10,'Master Data'!$E$5:$E$10," ") -> 1200 | F12: =_xlfn.XLOOKUP(C12,'Master Data'!$C$5:$C$10,'Master Data'!$F$5:$F$10," ") -> 500 | G12: =_xlfn.XLOOKUP(C12,'Master Data'!$C$5:$C$10,'Master Data'!$G$5:$G$10," ") -> 450 | H12: =_xlfn.XLOOKUP(C12,'Master Data'!$C$5:$C$10,'Master Data'!$H$5:$H$10," ") -> 1250 | I12: =_xlfn.XLOOKUP(C12,'Master Data'!$C$5:$C$10,'Master Data'!$I$5:$I$10," ") -> 1250 | J12: =_xlfn.XLOOKUP(C12,'Master Data'!$C$5:$C$10,'Master Data'!$J$5:$J$10," ") -> 0 | K12: =_xlfn.XLOOKUP(C12,'Master Data'!$C$5:$C$10,'Master Data'!$K$5:$K$10," ") -> Aman / Sesuai
B13: 2 | C13: BX-KR-750 | D13: =_xlfn.XLOOKUP(C13,'Master Data'!$C$5:$C$10,'Master Data'!$D$5:$D$10," ") -> Box Kraft 750ml | E13: =_xlfn.XLOOKUP(C13,'Master Data'!$C$5:$C$10,'Master Data'!$E$5:$E$10," ") -> 800 | F13: =_xlfn.XLOOKUP(C13,'Master Data'!$C$5:$C$10,'Master Data'!$F$5:$F$10," ") -> 0 | G13: =_xlfn.XLOOKUP(C13,'Master Data'!$C$5:$C$10,'Master Data'!$G$5:$G$10," ") -> 150 | H13: =_xlfn.XLOOKUP(C13,'Master Data'!$C$5:$C$10,'Master Data'!$H$5:$H$10," ") -> 650 | I13: =_xlfn.XLOOKUP(C13,'Master Data'!$C$5:$C$10,'Master Data'!$I$5:$I$10," ") -> 645 | J13: =_xlfn.XLOOKUP(C13,'Master Data'!$C$5:$C$10,'Master Data'!$J$5:$J$10," ") -> -5 | K13: =_xlfn.XLOOKUP(C13,'Master Data'!$C$5:$C$10,'Master Data'!$K$5:$K$10," ") -> 5 Pcs Rusak/Sobek (Reject)
B14: 3 | C14: CP-MK-12 | D14: =_xlfn.XLOOKUP(C14,'Master Data'!$C$5:$C$10,'Master Data'!$D$5:$D$10," ") -> Cup Mika 12oz | E14: =_xlfn.XLOOKUP(C14,'Master Data'!$C$5:$C$10,'Master Data'!$E$5:$E$10," ") -> 2500 | F14: =_xlfn.XLOOKUP(C14,'Master Data'!$C$5:$C$10,'Master Data'!$F$5:$F$10," ") -> 1000 | G14: =_xlfn.XLOOKUP(C14,'Master Data'!$C$5:$C$10,'Master Data'!$G$5:$G$10," ") -> 1200 | H14: =_xlfn.XLOOKUP(C14,'Master Data'!$C$5:$C$10,'Master Data'!$H$5:$H$10," ") -> 2300 | I14: =_xlfn.XLOOKUP(C14,'Master Data'!$C$5:$C$10,'Master Data'!$I$5:$I$10," ") -> 2300 | J14: =_xlfn.XLOOKUP(C14,'Master Data'!$C$5:$C$10,'Master Data'!$J$5:$J$10," ") -> 0 | K14: =_xlfn.XLOOKUP(C14,'Master Data'!$C$5:$C$10,'Master Data'!$K$5:$K$10," ") -> Aman / Sesuai
B15: 4 | C15: CP-MK-16 | D15: =_xlfn.XLOOKUP(C15,'Master Data'!$C$5:$C$10,'Master Data'!$D$5:$D$10," ") -> Cup Mika 16oz | E15: =_xlfn.XLOOKUP(C15,'Master Data'!$C$5:$C$10,'Master Data'!$E$5:$E$10," ") -> 1000 | F15: =_xlfn.XLOOKUP(C15,'Master Data'!$C$5:$C$10,'Master Data'!$F$5:$F$10," ") -> 0 | G15: =_xlfn.XLOOKUP(C15,'Master Data'!$C$5:$C$10,'Master Data'!$G$5:$G$10," ") -> 200 | H15: =_xlfn.XLOOKUP(C15,'Master Data'!$C$5:$C$10,'Master Data'!$H$5:$H$10," ") -> 800 | I15: =_xlfn.XLOOKUP(C15,'Master Data'!$C$5:$C$10,'Master Data'!$I$5:$I$10," ") -> 800 | J15: =_xlfn.XLOOKUP(C15,'Master Data'!$C$5:$C$10,'Master Data'!$J$5:$J$10," ") -> 0 | K15: =_xlfn.XLOOKUP(C15,'Master Data'!$C$5:$C$10,'Master Data'!$K$5:$K$10," ") -> Aman / Sesuai
B16: 5 | C16: PB-FG-M | D16: =_xlfn.XLOOKUP(C16,'Master Data'!$C$5:$C$10,'Master Data'!$D$5:$D$10," ") -> Paper Bag Food Grade M | E16: =_xlfn.XLOOKUP(C16,'Master Data'!$C$5:$C$10,'Master Data'!$E$5:$E$10," ") -> 500 | F16: =_xlfn.XLOOKUP(C16,'Master Data'!$C$5:$C$10,'Master Data'!$F$5:$F$10," ") -> 1000 | G16: =_xlfn.XLOOKUP(C16,'Master Data'!$C$5:$C$10,'Master Data'!$G$5:$G$10," ") -> 300 | H16: =_xlfn.XLOOKUP(C16,'Master Data'!$C$5:$C$10,'Master Data'!$H$5:$H$10," ") -> 1200 | I16: =_xlfn.XLOOKUP(C16,'Master Data'!$C$5:$C$10,'Master Data'!$I$5:$I$10," ") -> 1198 | J16: =_xlfn.XLOOKUP(C16,'Master Data'!$C$5:$C$10,'Master Data'!$J$5:$J$10," ") -> -2 | K16: =_xlfn.XLOOKUP(C16,'Master Data'!$C$5:$C$10,'Master Data'!$K$5:$K$10," ") -> 2 Pcs Sampel (Marketing)
B17: 6 | C17: PL-VK-20 | D17: =_xlfn.XLOOKUP(C17,'Master Data'!$C$5:$C$10,'Master Data'!$D$5:$D$10," ") -> Plastik Vakum 20x30 | E17: =_xlfn.XLOOKUP(C17,'Master Data'!$C$5:$C$10,'Master Data'!$E$5:$E$10," ") -> 1500 | F17: =_xlfn.XLOOKUP(C17,'Master Data'!$C$5:$C$10,'Master Data'!$F$5:$F$10," ") -> 500 | G17: =_xlfn.XLOOKUP(C17,'Master Data'!$C$5:$C$10,'Master Data'!$G$5:$G$10," ") -> 0 | H17: =_xlfn.XLOOKUP(C17,'Master Data'!$C$5:$C$10,'Master Data'!$H$5:$H$10," ") -> 2000 | I17: =_xlfn.XLOOKUP(C17,'Master Data'!$C$5:$C$10,'Master Data'!$I$5:$I$10," ") -> 2000 | J17: =_xlfn.XLOOKUP(C17,'Master Data'!$C$5:$C$10,'Master Data'!$J$5:$J$10," ") -> 0 | K17: =_xlfn.XLOOKUP(C17,'Master Data'!$C$5:$C$10,'Master Data'!$K$5:$K$10," ") -> Aman / Sesuai
B20: Catatan Evaluasi:
B21: 1. Secara keseluruhan stok aman. Terdapat selisih pada item BX-KR-750 dikarenakan barang rusak tertekan di tumpukan bawah rak (perlu dipindahkan ke area afkir). 2. Selisih pada item PB-FG-M dikarenakan pengambilan sampel oleh tim marketing yang belum diinput ke sistem pengeluaran barang.
C29: Diterima Oleh, | F29: Diterima Oleh, | J29: Diterima Oleh,
C37: ( Rizky Faisal Rafi ) | F37: ( Budi Santoso ) | J37: ( Yulianti Nur )
C38: Staff Administrasi | F38: Kepala Gudang | J38: Manager Operasional

Sheet Master Data
B3: No. | C3: Kode SKU | D3: Nama Barang | E3: Saldo Awal | F3: Mutasi Barang | H3: Hasil Stock Opname | K3: Keterangan
F4: Masuk | G4: Keluar | H4: Sistem | I4: Fisik | J4: Selisih
B5: 1 | C5: BX-KR-500 | D5: Box Kraft 500ml | E5: 1200 | F5: 500 | G5: 450 | H5: =E5 + F5 - G5 -> 1250 | I5: 1250 | J5: =I5-H5 -> 0 | K5: Aman / Sesuai
B6: 2 | C6: BX-KR-750 | D6: Box Kraft 750ml | E6: 800 | F6: 0 | G6: 150 | H6: =E6 + F6 - G6 -> 650 | I6: 645 | J6: =I6-H6 -> -5 | K6: 5 Pcs Rusak/Sobek (Reject)
B7: 3 | C7: CP-MK-12 | D7: Cup Mika 12oz | E7: 2500 | F7: 1000 | G7: 1200 | H7: =E7 + F7 - G7 -> 2300 | I7: 2300 | J7: =I7-H7 -> 0 | K7: Aman / Sesuai
B8: 4 | C8: CP-MK-16 | D8: Cup Mika 16oz | E8: 1000 | F8: 0 | G8: 200 | H8: =E8 + F8 - G8 -> 800 | I8: 800 | J8: =I8-H8 -> 0 | K8: Aman / Sesuai
B9: 5 | C9: PB-FG-M | D9: Paper Bag Food Grade M | E9: 500 | F9: 1000 | G9: 300 | H9: =E9 + F9 - G9 -> 1200 | I9: 1198 | J9: =I9-H9 -> -2 | K9: 2 Pcs Sampel (Marketing)
B10: 6 | C10: PL-VK-20 | D10: Plastik Vakum 20x30 | E10: 1500 | F10: 500 | G10: 0 | H10: =E10 + F10 - G10 -> 2000 | I10: 2000 | J10: =I10-H10 -> 0 | K10: Aman / Sesuai
